{"rep": [[0.5635932404387786, 0.533056626148829, 0.5131930032611918, 0.5016305959086866, 0.5060776756596501, 0.4962941002075304, 0.5120071153276016, 0.5413578416839608, 0.5223836347465165, 0.5677438482063445, 0.5970945745627039, 0.6184405573673288, 0.647198339756893, 0.6759561221464572, 0.724873999407056, 0.7468129261784762, 0.7948413874888823, 0.8541357841683961, 0.8825970945745627, 0.9101689890305367], [0.019442217162074046, 0.01834284405645693, 0.015592788615731493, 0.01709512368480668, 0.015573929983444137, 0.014130929936568256, 0.015345761125949818, 0.01253021596542696, 0.012657694573848006, 0.014773792603747291, 0.014647852087105255, 0.015235537623423468, 0.014767799810609205, 0.011525258267998948, 0.013557787996544106, 0.014480407832468147, 0.012297633506830255, 0.011763758344032057, 0.013021195899349424, 0.010472038192548553], [4.8495, 5.4861, 5.9408, 6.2221, 6.1124, 6.3564, 5.9691, 5.3059, 5.7261, 4.7683, 4.226, 3.864, 3.414, 3.0023, 2.3771, 2.1232, 1.6165, 1.0695, 0.8331, 0.6181], [0.3706, 0.3908, 0.3599, 0.4115, 0.3695, 0.3494, 0.3559, 0.2617, 0.2836, 0.2798, 0.2511, 0.2435, 0.2159, 0.1553, 0.1586, 0.1595, 0.1201, 0.0996, 0.1032, 0.0783]], "demux": [[0.6252594129854728, 0.5650756003557664, 0.6575748591758079, 0.6706196264453009, 0.6062852060480285, 0.5345389860658167, 0.6368218203379781, 0.6184405573673288, 0.6744737622294693, 0.6151793655499556, 0.5526237770530685, 0.7272457752742366, 0.6860361695819746, 0.711829232137563, 0.5985769344796916, 0.7020456566854433, 0.6311888526534243, 0.7204269196560925, 0.5929439667951378, 0.6759561221464572], [0.030672184416271276, 0.04587984835254676, 0.04666828469797841, 0.04616562130690691, 0.04599793665034808, 0.02737404545294793, 0.03326141604875561, 0.029589346949432004, 0.027687309661813868, 0.031779048443584014, 0.02819278331286937, 0.04187693013910367, 0.04126025143585516, 0.04844174978970732, 0.02721718914301261, 0.027103098881514253, 0.03282306465596659, 0.026287791547930685, 0.044801706204098804, 0.02793508157066071], [3.7535, 4.8203, 3.2613, 3.076, 4.067, 5.4535, 3.5717, 3.864, 3.0227, 3.9177, 5.0701, 2.3489, 2.8662, 2.5354, 4.2, 2.658, 3.6594, 2.4304, 4.2994, 3.0023], [0.4684, 0.8323, 0.6311, 0.6015, 0.7284, 0.5708, 0.4882, 0.4624, 0.3661, 0.5001, 0.5501, 0.4689, 0.5179, 0.5606, 0.4551, 0.3316, 0.4905, 0.306, 0.742, 0.3677]]}