{"rep": [[0.7272727272727273, 0.7075098814229249, 0.6882120437107649, 0.6589165310392932, 0.6477563357358754, 0.6349686119507091, 0.6226458963031853, 0.6152057661009067, 0.6240409207161125, 0.6145082538944432, 0.6272959776796094, 0.6356661241571727, 0.6538014415252267, 0.6835619623343409, 0.7023947919088585, 0.7454080446407813, 0.7779586142757499, 0.8093466635666124, 0.8335270867240177, 0.8663101604278075], [0.020904754872607085, 0.015307614207693929, 0.014906423919870694, 0.014542434656901556, 0.012448164117369707, 0.012491250283418905, 0.011719870636218767, 0.013373994925158793, 0.013209831275552083, 0.012260738317861501, 0.01284626472428953, 0.012452069153916152, 0.01329848843904683, 0.01171086736136404, 0.01328658589337758, 0.011037088984792772, 0.011568925080436736, 0.012402669537357495, 0.011927488331602948, 0.010562417794021124], [2.3453, 2.5855, 2.8333, 3.2374, 3.4009, 3.5953, 3.7903, 3.9117, 3.7678, 3.9233, 3.7158, 3.5845, 3.3116, 2.8952, 2.6499, 2.1361, 1.785, 1.4732, 1.2491, 0.9651], [0.2403, 0.1872, 0.1927, 0.205, 0.182, 0.19, 0.1856, 0.2163, 0.2077, 0.1991, 0.2001, 0.189, 0.1907, 0.1541, 0.1653, 0.1224, 0.1178, 0.1166, 0.1059, 0.087]], "demux": [[0.7000697512206464, 0.6826319460590561, 0.6970471983259707, 0.6982097186700768, 0.729132759823297, 0.7044873285282492, 0.7107649383864217, 0.7465705649848873, 0.6626365961404325, 0.7430830039525692, 0.7226226458963032, 0.6672866775168566, 0.6826319460590561, 0.6538014415252267, 0.6884445477795862, 0.6963496861195071, 0.6517089049058359, 0.6461288072541269, 0.7640083701464776, 0.658684026970472], [0.020861477927653468, 0.024001569408786817, 0.023361001812722285, 0.025507279634467004, 0.0201429408708452, 0.021988229299520164, 0.022510379872017674, 0.021346566984880782, 0.024256280349327232, 0.023637518865635587, 0.02285553162245458, 0.026724775281658987, 0.028023868856453124, 0.024250430894563767, 0.029960939091529453, 0.025562739836695467, 0.028380963822271094, 0.023724939798314054, 0.02472152371590251, 0.03721496550832812], [2.6794, 2.9076, 2.7182, 2.7032, 2.3233, 2.6234, 2.545, 2.123, 3.1841, 2.1623, 2.4006, 3.1183, 2.9076, 3.3116, 2.8303, 2.7271, 3.3423, 3.4252, 1.9318, 3.2407], [0.2585, 0.3112, 0.2909, 0.3157, 0.2306, 0.2687, 0.2701, 0.2329, 0.3333, 0.2595, 0.2653, 0.3609, 0.3613, 0.3421, 0.3789, 0.318, 0.4005, 0.3428, 0.2566, 0.5078]]}