{"rep": [[0.5270843146490815, 0.5124823363165332, 0.46632124352331605, 0.47621290626471974, 0.46773433820065946, 0.47244465379180406, 0.49882242110221386, 0.5120113047574187, 0.5200188412623645, 0.5350918511540274, 0.5529910504003768, 0.5671219971738106, 0.6109279321714555, 0.6453132359868111, 0.6811116344795102, 0.730098916627414, 0.772020725388601, 0.8195949128591615, 0.8563353744700894, 0.8893075836081017], [0.022334549315485657, 0.021660314664756434, 0.01617169780810974, 0.01721658783130217, 0.015222372195007666, 0.015036004364634318, 0.013611857998833424, 0.0152087714785342, 0.016575715527373233, 0.01643812499802182, 0.015672937166318523, 0.015414319198665202, 0.013118048038279354, 0.015794818677703278, 0.014258952718015711, 0.01570327659250206, 0.01506522265474593, 0.01729556936463069, 0.016791197394221278, 0.014030858891015269], [5.6192, 5.9577, 7.1675, 6.8885, 7.1269, 6.9934, 6.2924, 5.969, 5.7806, 5.4414, 5.0625, 4.7803, 3.9885, 3.4423, 2.9322, 2.3152, 1.8494, 1.3785, 1.0507, 0.7795], [0.483, 0.4956, 0.4501, 0.4589, 0.422, 0.4089, 0.3335, 0.3529, 0.372, 0.3488, 0.3121, 0.2922, 0.2155, 0.2319, 0.1885, 0.1806, 0.1553, 0.1579, 0.1406, 0.1094]], "demux": [[0.5958549222797928, 0.5355628827131418, 0.6740461610927933, 0.5812529439472445, 0.6024493641073952, 0.5539331135186057, 0.6146961846443711, 0.5478097032501178, 0.6533207724917569, 0.557230334432407, 0.5727743758831841, 0.6877060763071126, 0.6448422044276967, 0.6570890249646726, 0.5793688177107866, 0.6415449835138954, 0.6161092793217146, 0.6462552991050401, 0.5737164390014131, 0.6641544983513895], [0.01750594080864401, 0.017201355811892374, 0.023961912274606673, 0.015011669786840844, 0.021690373983754955, 0.016963510621042982, 0.027041799131339233, 0.01673599313905717, 0.01690526069171619, 0.01793136184808392, 0.01642395605278732, 0.023560332016334715, 0.025431635511497446, 0.021175547855419415, 0.015026826134680742, 0.01566589354496787, 0.023556466034822775, 0.020815166192211614, 0.021754232894755095, 0.020680436596204402], [4.2478, 5.4311, 3.0286, 4.5119, 4.1328, 5.0433, 3.9257, 5.1697, 3.3233, 4.9764, 4.6714, 2.844, 3.4494, 3.2683, 4.5469, 3.4993, 3.9023, 3.4281, 4.6534, 3.1669], [0.3, 0.3639, 0.319, 0.2713, 0.3613, 0.3359, 0.4293, 0.3389, 0.2418, 0.3504, 0.3048, 0.3017, 0.3685, 0.2976, 0.2733, 0.2327, 0.3743, 0.3024, 0.3988, 0.2848]]}