{"rep": [[0.5635932404387786, 0.533056626148829, 0.5134894752445894, 0.5019270678920842, 0.5063741476430478, 0.4962941002075304, 0.5120071153276016, 0.541950785650756, 0.522680106729914, 0.568040320189742, 0.5970945745627039, 0.6184405573673288, 0.6477912837236881, 0.6762525941298547, 0.724873999407056, 0.7468129261784762, 0.7948413874888823, 0.8541357841683961, 0.8825970945745627, 0.9101689890305367], [0.019442217162074046, 0.01834284405645693, 0.01556796090193883, 0.017070303109033506, 0.0156274358344705, 0.014130929936568256, 0.015345761125949818, 0.012525185033238722, 0.01269115944167475, 0.014798876020553459, 0.014647852087105255, 0.015235537623423468, 0.014835974153474055, 0.011547185355890553, 0.013557787996544106, 0.014480407832468147, 0.012297633506830255, 0.011763758344032057, 0.013021195899349424, 0.010472038192548553], [4.8495, 5.4861, 5.9338, 6.2147, 6.1052, 6.3564, 5.9691, 5.2933, 5.7193, 4.7625, 4.226, 3.864, 3.4051, 2.9983, 2.3771, 2.1232, 1.6165, 1.0695, 0.8331, 0.6181], [0.3706, 0.3908, 0.3589, 0.4104, 0.3703, 0.3494, 0.3559, 0.261, 0.284, 0.2799, 0.2511, 0.2435, 0.2165, 0.1555, 0.1586, 0.1595, 0.1201, 0.0996, 0.1032, 0.0783]], "demux": [[0.6252594129854728, 0.5659650163059591, 0.6578713311592055, 0.6709160984286985, 0.6062852060480285, 0.5345389860658167, 0.6377112362881707, 0.6184405573673288, 0.6744737622294693, 0.6157723095167507, 0.5526237770530685, 0.7272457752742366, 0.6860361695819746, 0.7121257041209605, 0.5985769344796916, 0.7020456566854433, 0.6311888526534243, 0.7204269196560925, 0.5932404387785354, 0.6762525941298547], [0.030672184416271276, 0.04627355066551088, 0.04656805683040085, 0.04612746829859963, 0.04599793665034808, 0.02737404545294793, 0.03330736823101356, 0.029589346949432004, 0.027687309661813868, 0.0317774573659357, 0.02819278331286937, 0.04187693013910367, 0.04126025143585516, 0.048466284414313394, 0.02721718914301261, 0.027103098881514253, 0.03282306465596659, 0.026287791547930685, 0.04468618157201183, 0.02801131950125794], [3.7535, 4.8029, 3.257, 3.0719, 4.067, 5.4535, 3.558, 3.864, 3.0227, 3.9079, 5.0701, 2.3489, 2.8662, 2.5317, 4.2, 2.658, 3.6594, 2.4304, 4.2942, 2.9983], [0.4684, 0.8364, 0.6293, 0.6005, 0.7284, 0.5708, 0.4875, 0.4624, 0.3661, 0.4991, 0.5501, 0.4689, 0.5179, 0.5604, 0.4551, 0.3316, 0.4905, 0.306, 0.7395, 0.3683]]}