{"rep": [[0.722707423580786, 0.7034934497816594, 0.6672489082969433, 0.6707423580786026, 0.6314410480349345, 0.6117903930131005, 0.5947598253275109, 0.5934497816593887, 0.5938864628820961, 0.5838427947598254, 0.6183406113537118, 0.6091703056768559, 0.6362445414847162, 0.6506550218340611, 0.6903930131004367, 0.7157205240174672, 0.7611353711790393, 0.8026200873362446, 0.8353711790393014, 0.8672489082969432], [0.0200255759149716, 0.021390788644543572, 0.0210231697054889, 0.015518765944879482, 0.014909391190114866, 0.014884869148533453, 0.01486123777920197, 0.015226583317211023, 0.016128967980860994, 0.014195480507259266, 0.014899735809732285, 0.012346155249778753, 0.015098636536972378, 0.014785812804650252, 0.01489750675633981, 0.013025704672035125, 0.012932524894409799, 0.013517207825662791, 0.01206132773152306, 0.01402357641717017], [2.3974, 2.6335, 3.1159, 3.0672, 3.647, 3.9648, 4.2572, 4.2804, 4.2727, 4.4537, 3.8566, 4.0087, 3.5723, 3.3548, 2.802, 2.4818, 1.9609, 1.5366, 1.2314, 0.9564], [0.2331, 0.2621, 0.286, 0.2107, 0.2283, 0.2426, 0.2561, 0.2634, 0.2782, 0.254, 0.2378, 0.2037, 0.2276, 0.2134, 0.1912, 0.156, 0.1372, 0.1289, 0.1065, 0.1146]], "demux": [[0.6803493449781659, 0.6637554585152838, 0.7170305676855895, 0.651528384279476, 0.6834061135371179, 0.6759825327510917, 0.6812227074235808, 0.6847161572052402, 0.714410480349345, 0.6672489082969433, 0.6541484716157205, 0.7165938864628821, 0.7039301310043669, 0.7, 0.6633187772925764, 0.6917030567685589, 0.6576419213973799, 0.7266375545851529, 0.674235807860262, 0.6593886462882096], [0.014833651361444933, 0.014242775875358762, 0.013004228166028252, 0.013228515552174237, 0.01315193368000832, 0.015371298443024409, 0.01482095930520929, 0.018415317831151568, 0.014594217875991437, 0.013133824731210915, 0.01387306708162861, 0.014586820474896714, 0.014416016546593911, 0.011860258740096637, 0.013622239799342547, 0.015392888366736369, 0.014640603237449036, 0.012432379016926625, 0.010503477030377214, 0.015120066693329217], [2.9356, 3.1652, 2.4658, 3.3419, 2.8945, 2.995, 2.9239, 2.8771, 2.4978, 3.1159, 3.3035, 2.4711, 2.628, 2.6778, 3.1714, 2.7849, 3.2527, 2.3506, 3.0189, 3.2276], [0.196, 0.1977, 0.1552, 0.1908, 0.1726, 0.2055, 0.1953, 0.239, 0.1751, 0.1808, 0.1984, 0.1739, 0.1781, 0.1487, 0.1896, 0.1966, 0.2069, 0.1446, 0.1422, 0.2124]]}