{"rep": [[0.7070621468926553, 0.6782485875706215, 0.6573446327683616, 0.6336158192090395, 0.6002824858757062, 0.6127118644067797, 0.5734463276836158, 0.5740112994350283, 0.5725988700564971, 0.5779661016949152, 0.5790960451977402, 0.5929378531073446, 0.6084745762711864, 0.6378531073446327, 0.6581920903954802, 0.703954802259887, 0.757909604519774, 0.7816384180790961, 0.8355932203389831, 0.8655367231638418], [0.02272698232437467, 0.017196302216388133, 0.015265316000316918, 0.01486742424242424, 0.015129007904198124, 0.010735617275096592, 0.014522740774984107, 0.01337464098165344, 0.013445969339657589, 0.010668506469529535, 0.015451864462197647, 0.014368997529083832, 0.01172979211935327, 0.013682319447846222, 0.011569496894729223, 0.010055697541027246, 0.010340742971289407, 0.012841248952625272, 0.01096837300698072, 0.011512856546293146], [2.5887, 2.9641, 3.257, 3.613, 4.1606, 3.9494, 4.6477, 4.637, 4.6638, 4.5625, 4.5414, 4.2895, 4.0204, 3.5475, 3.2448, 2.6277, 1.9958, 1.7455, 1.2294, 0.9707], [0.2752, 0.2278, 0.2157, 0.2261, 0.2559, 0.1756, 0.2691, 0.2479, 0.2504, 0.1959, 0.2804, 0.2493, 0.1942, 0.2057, 0.164, 0.125, 0.111, 0.1292, 0.0969, 0.0948]], "demux": [[0.6892655367231638, 0.6505649717514125, 0.7200564971751412, 0.6175141242937853, 0.7008474576271186, 0.6177966101694915, 0.6742937853107345, 0.6720338983050848, 0.7418079096045198, 0.6457627118644068, 0.614406779661017, 0.7042372881355933, 0.68954802259887, 0.6463276836158192, 0.6194915254237288, 0.6790960451977401, 0.6511299435028248, 0.7115819209039548, 0.6242937853107344, 0.6511299435028248], [0.02367059770427636, 0.03050295565535047, 0.019498371410984577, 0.019419190893000194, 0.029674927952560548, 0.030553165274125757, 0.02880669476785472, 0.02634092261529011, 0.02286259953394659, 0.027250053568497662, 0.026076143488437516, 0.024967586624702196, 0.026036101613356694, 0.021687733120404583, 0.027480693169360935, 0.03129818815506935, 0.025102644180497596, 0.02667281816178847, 0.028789250937082532, 0.026196762351007444], [2.8168, 3.3561, 2.4292, 3.8701, 2.667, 3.8655, 3.0181, 3.0493, 2.1747, 3.4275, 3.9213, 2.6241, 2.8131, 3.419, 3.8378, 2.9526, 3.3477, 2.5325, 3.7602, 3.3477], [0.301, 0.4301, 0.2288, 0.3085, 0.3622, 0.4766, 0.3797, 0.3507, 0.2518, 0.3918, 0.414, 0.3038, 0.3297, 0.3139, 0.4284, 0.4054, 0.3562, 0.3172, 0.4412, 0.3711]]}