{"rep": [[0.6230856494611458, 0.5924560408394781, 0.5598411798071469, 0.5700510493477028, 0.5640952921157119, 0.5439591605218378, 0.5431083380601248, 0.5604083947816222, 0.5544526375496313, 0.5762904140669314, 0.5910380034032898, 0.6324446965399887, 0.6633579126488939, 0.7005104934770278, 0.7456040839478162, 0.7665910380034033, 0.8119682359614294, 0.8536585365853658, 0.871242200794101, 0.9052750992626205], [0.024175369533326965, 0.01932437017142322, 0.01821343854481219, 0.01530530770507559, 0.014293387991443864, 0.01315595068746346, 0.014799412572413866, 0.011657639855353173, 0.011242446980539575, 0.012065236639753505, 0.011883721173097815, 0.015089044193317578, 0.011171123954057697, 0.01420738607960226, 0.014426195748555307, 0.013579690735032846, 0.01366909564155932, 0.012132673913263437, 0.010894679559295191, 0.01023238625438029], [3.7797, 4.2981, 4.9125, 4.7126, 4.8283, 5.2383, 5.2563, 4.9012, 5.021, 4.5939, 4.3234, 3.6313, 3.1709, 2.6713, 2.1319, 1.9024, 1.4469, 1.0711, 0.9234, 0.6538], [0.3745, 0.3331, 0.3517, 0.2866, 0.2737, 0.2712, 0.3052, 0.2272, 0.224, 0.2223, 0.2084, 0.2302, 0.156, 0.1773, 0.1591, 0.1419, 0.1274, 0.1026, 0.0886, 0.0771]], "demux": [[0.7509926262053318, 0.6219512195121951, 0.6741349971639251, 0.7249007373794668, 0.6349971639251276, 0.742484401588202, 0.6528644356211004, 0.6137266023823029, 0.6730005672149745, 0.7203630175836642, 0.6885989790130459, 0.7206466250709018, 0.5606920022688598, 0.5842314237095859, 0.7149744753261487, 0.6622234826999432, 0.7081678956324446, 0.6661939875212706, 0.5938740782756665, 0.6100397050482133], [0.04192613101047654, 0.033240800105247006, 0.04356418510485957, 0.031194718698874493, 0.033513448175328475, 0.02230046220774268, 0.0319252776018082, 0.02887870645351565, 0.03597433774919502, 0.038078157987331926, 0.045947692049192586, 0.03015993280393966, 0.030039576525303903, 0.029794163348066945, 0.029415528657680566, 0.031421512328057975, 0.030166978793951367, 0.03888721148944473, 0.032004158177334374, 0.031935060098361175], [2.0717, 3.7979, 3.0203, 2.3712, 3.5915, 2.1671, 3.3223, 3.9326, 3.0359, 2.4255, 2.8256, 2.4221, 4.8956, 4.4466, 2.4909, 3.187, 2.5749, 3.1308, 4.2729, 3.9941], [0.4399, 0.5097, 0.5626, 0.3556, 0.4933, 0.2454, 0.4462, 0.4575, 0.4711, 0.4355, 0.5676, 0.3483, 0.5667, 0.5189, 0.3453, 0.4274, 0.3605, 0.5173, 0.538, 0.5095]]}