{"rep": [[0.5397802197802197, 0.549010989010989, 0.5353846153846153, 0.5305494505494506, 0.505934065934066, 0.501978021978022, 0.5323076923076923, 0.5301098901098901, 0.5384615384615384, 0.538021978021978, 0.5775824175824176, 0.581978021978022, 0.6338461538461538, 0.6821978021978022, 0.7112087912087912, 0.7503296703296704, 0.7832967032967033, 0.8197802197802198, 0.861978021978022, 0.8879120879120879], [0.026459187992107402, 0.023417671183947216, 0.01632221582918909, 0.014668175375032661, 0.01468816107256447, 0.013624068110673234, 0.013769948456792955, 0.01325338768730521, 0.01394330788577508, 0.015409060957940311, 0.014306560379511038, 0.014008653576443262, 0.016060876683883233, 0.014226055573578075, 0.014536646772383328, 0.013437740653208621, 0.01203100205952503, 0.01693904302850337, 0.01523100188324284, 0.01031175620733811], [5.3273, 5.1327, 5.4223, 5.5287, 6.1017, 6.199, 5.4898, 5.5384, 5.3556, 5.3651, 4.5697, 4.488, 3.6094, 2.9107, 2.5371, 2.0791, 1.7286, 1.3736, 1.0005, 0.7888], [0.5409, 0.4656, 0.3453, 0.3168, 0.3484, 0.3289, 0.296, 0.2875, 0.2929, 0.3233, 0.2615, 0.2524, 0.2436, 0.1871, 0.176, 0.1465, 0.1207, 0.1543, 0.1259, 0.0808]], "demux": [[0.6852747252747253, 0.5898901098901099, 0.5956043956043956, 0.6584615384615384, 0.607912087912088, 0.694945054945055, 0.6092307692307692, 0.6312087912087913, 0.6232967032967033, 0.6452747252747253, 0.5991208791208791, 0.6487912087912088, 0.5885714285714285, 0.5687912087912088, 0.6914285714285714, 0.6756043956043956, 0.6448351648351648, 0.6839560439560439, 0.6096703296703296, 0.6281318681318682], [0.018487115191972176, 0.021296588908312333, 0.014403148616043226, 0.020561672942824547, 0.015080846566031526, 0.02220769343401209, 0.016224941494933462, 0.01648250440439925, 0.020043423373471193, 0.01507442234995045, 0.02037840506534314, 0.020986053631610005, 0.01442235026250567, 0.012753889982855758, 0.01551198786672085, 0.021048805687932874, 0.021769166035609962, 0.022875733068371082, 0.013487077769311719, 0.019800385339781686], [2.8696, 4.344, 4.2423, 3.2409, 4.0299, 2.7427, 4.0077, 3.6506, 3.7763, 3.4348, 4.1808, 3.3823, 4.3677, 4.7369, 2.7885, 3.0001, 3.4414, 2.8872, 4.0003, 3.6991], [0.2395, 0.3691, 0.2477, 0.2873, 0.2488, 0.2784, 0.266, 0.2519, 0.3123, 0.221, 0.3431, 0.3018, 0.2539, 0.2409, 0.1983, 0.2794, 0.3164, 0.2957, 0.2218, 0.304]]}