{"rep": [[0.7163934426229508, 0.6895081967213115, 0.6773770491803278, 0.640655737704918, 0.6557377049180327, 0.6344262295081967, 0.6049180327868853, 0.5950819672131148, 0.6085245901639345, 0.6308196721311475, 0.6245901639344262, 0.6278688524590164, 0.639672131147541, 0.660327868852459, 0.7052459016393443, 0.7127868852459016, 0.7691803278688525, 0.7914754098360656, 0.8249180327868852, 0.8636065573770492], [0.02069696878791653, 0.016124601513773762, 0.01817372948675077, 0.017176946865037634, 0.012669585470882925, 0.01706651011159974, 0.016278237584445975, 0.01264421071346533, 0.01287418088680666, 0.01583547496344798, 0.017576128035876413, 0.017985154590856204, 0.016458927321963083, 0.012820240678305717, 0.013406557470469687, 0.01810763984832238, 0.01643672381368323, 0.015388716973744693, 0.014219548102053819, 0.013238295950223189], [2.4759, 2.8163, 2.9787, 3.5079, 3.2834, 3.6038, 4.0846, 4.2555, 4.0234, 3.6601, 3.759, 3.7067, 3.5229, 3.2171, 2.6139, 2.52, 1.8768, 1.6477, 1.3274, 0.9877], [0.2451, 0.2073, 0.2412, 0.2549, 0.1808, 0.2582, 0.2709, 0.2187, 0.2129, 0.2428, 0.2741, 0.2774, 0.2453, 0.1804, 0.1654, 0.2174, 0.1701, 0.1507, 0.1285, 0.1093]], "demux": [[0.6688524590163935, 0.6819672131147541, 0.6783606557377049, 0.679016393442623, 0.720327868852459, 0.680983606557377, 0.6819672131147541, 0.6970491803278689, 0.6842622950819672, 0.7091803278688524, 0.7006557377049181, 0.6639344262295082, 0.6695081967213115, 0.6554098360655738, 0.6960655737704918, 0.6947540983606557, 0.679016393442623, 0.6754098360655738, 0.7118032786885246, 0.6754098360655738], [0.01220590255932252, 0.012830293236320435, 0.01183928593414416, 0.01620619817670723, 0.016111782086103324, 0.01746477624038439, 0.01587078737460423, 0.017912334481319004, 0.017486498778288843, 0.015031404517366882, 0.01797914205827663, 0.01239503655698098, 0.01746009823665945, 0.012785174554737997, 0.016149912304482598, 0.01236360652405298, 0.012838903450014174, 0.011852404691230221, 0.016419612504974347, 0.01737844409247063], [3.0964, 2.9166, 2.9653, 2.9564, 2.4282, 2.9298, 2.9166, 2.7181, 2.8858, 2.5647, 2.672, 3.1656, 3.0872, 3.2882, 2.7308, 2.7478, 2.9564, 3.0056, 2.5322, 3.0056], [0.1676, 0.1693, 0.1581, 0.2147, 0.1899, 0.2296, 0.2086, 0.2248, 0.2278, 0.183, 0.2233, 0.1726, 0.2374, 0.1826, 0.2037, 0.1574, 0.1709, 0.1597, 0.1981, 0.2323]]}