{"rep": [[0.7275052313415484, 0.7075098814229249, 0.6882120437107649, 0.6591490351081144, 0.6479888398046966, 0.6354336200883516, 0.6226458963031853, 0.6152057661009067, 0.6242734247849338, 0.6147407579632643, 0.6275284817484306, 0.635898628225994, 0.6538014415252267, 0.6835619623343409, 0.7026272959776796, 0.7454080446407813, 0.7779586142757499, 0.8093466635666124, 0.8335270867240177, 0.8663101604278075], [0.020928703160246486, 0.015307614207693929, 0.014906423919870694, 0.014539771191739818, 0.012434983848761317, 0.012463710807921212, 0.011719870636218767, 0.013373994925158793, 0.013166155062751142, 0.012288464442136496, 0.012787565307822255, 0.012460073959471416, 0.01329848843904683, 0.01171086736136404, 0.013280692668104903, 0.011037088984792772, 0.011568925080436736, 0.012402669537357495, 0.011927488331602948, 0.010562417794021124], [2.3425, 2.5855, 2.8333, 3.234, 3.3974, 3.5881, 3.7903, 3.9117, 3.7641, 3.9194, 3.7121, 3.5809, 3.3116, 2.8952, 2.6469, 2.1361, 1.785, 1.4732, 1.2491, 0.9651], [0.2404, 0.1872, 0.1927, 0.2048, 0.1817, 0.1893, 0.1856, 0.2163, 0.2069, 0.1994, 0.199, 0.189, 0.1907, 0.1541, 0.1651, 0.1224, 0.1178, 0.1166, 0.1059, 0.087]], "demux": [[0.7005347593582888, 0.6826319460590561, 0.6970471983259707, 0.6982097186700768, 0.729132759823297, 0.7047198325970705, 0.7114624505928854, 0.7465705649848873, 0.6628691002092537, 0.7430830039525692, 0.7226226458963032, 0.6675191815856778, 0.6826319460590561, 0.6538014415252267, 0.6886770518484073, 0.6963496861195071, 0.651941408974657, 0.6463613113229482, 0.7640083701464776, 0.6589165310392932], [0.020886985274549803, 0.024001569408786817, 0.023361001812722285, 0.025507279634467004, 0.0201429408708452, 0.022029690360191576, 0.022493567254087334, 0.021346566984880782, 0.024170636321844758, 0.023637518865635587, 0.02285553162245458, 0.02675542912918197, 0.028023868856453124, 0.024250430894563767, 0.029960939091529453, 0.025562739836695467, 0.028379914685736102, 0.023732763843385178, 0.02472152371590251, 0.037122864530136294], [2.6735, 2.9076, 2.7182, 2.7032, 2.3233, 2.6205, 2.5364, 2.123, 3.1808, 2.1623, 2.4006, 3.1151, 2.9076, 3.3116, 2.8272, 2.7271, 3.3389, 3.4217, 1.9318, 3.2374], [0.2585, 0.3112, 0.2909, 0.3157, 0.2306, 0.269, 0.2694, 0.2329, 0.3319, 0.2595, 0.2653, 0.3611, 0.3613, 0.3421, 0.3786, 0.318, 0.4002, 0.3427, 0.2566, 0.5062]]}